Réseau,Nœuds,Arêtes,Densité,Degré moyen,C_global,C_local_mean
Caltech,762,16651,0.05742892519512591,43.70341207349082,0.2912809635141533,0.4091173048334612
MIT,6402,251230,0.012261341741110527,78.48484848484848,0.1802884023054581,0.27235999658838644
Johns Hopkins,5157,186572,0.0140335136902954,72.35679658716307,0.19316115952994883,0.26900836180589566
